{
  "flower": "draconicevolution:awakened_crafting_injector",
  "maxTimeInHive": 4800,
  "traits": [
    "awakened"
  ],
  "hasHoneycomb": true,
  "apiaryOutputAmounts": [
    8,
    16,
    24,
    32,
    40
  ],
  "apiaryOutputTypes": [
    "COMB",
    "COMB",
    "COMB",
    "COMB",
    "COMB"
  ],
  "baseLayerTexture": "dragon/dragon_bee_primary",
  "ColorData": {
    "primaryColor": "#FF4C00",
    "secondaryColor": "#AF2000",
    "honeycombColor": "#FF3B00",
    "primaryLayerTexture": "dragon/dragon_bee_primary",
    "secondaryLayerTexture": "dragon/dragon_bee_secondary",
    "emissiveLayerTexture": "dragon/dragon_bee_emissive",
    "isBeeColored": true,
    "isGlowing": true,
    "glowColor": "#FF4C00",
    "modelType": "DRAGON"
  },
  "CombatData": {
    "isPassive": false,
    "removeStingerOnAttack": false,
    "inflictsPoison": true,
    "attackDamage": 1
  },
  "MutationData": {
    "hasMutation": true,
    "mutationCount": 1,
    "mutations": [
      {
        "type": "BLOCK_TO_ITEM",
        "inputID": "draconicevolution:chaotic_crafting_injector",
        "outputs": [
          {
            "outputID": "draconicevolution:small_chaos_frag",
            "weight": 80
          },
          {
            "outputID": "resourcefulbees:bee_jar",
            "nbtData": {
              "Entity": "resourcefulbees:chaotic_bee",
              "BeeType": "chaotic",
              "Color": "#161616"
            },
            "weight": 20
          }
        ]
      }
    ]
  },
  "CentrifugeData": {
    "hasCentrifugeOutput": true,
    "mainInputCount": 1,
    "mainOutput": "draconicevolution:awakened_draconium_nugget",
    "mainOutputWeight": 0.02,
    "mainOutputCount": 1,
    "secondaryOutput": "resourcefulbees:wax",
    "secondaryOutputWeight": 0.20,
    "secondaryOutputCount": 1,
    "bottleOutput": "minecraft:honey_bottle",
    "bottleOutputWeight": 0.25,
    "bottleOutputCount": 1,
    "recipeTime": 200
  },
  "SpawnData": {
    "canSpawnInWorld": false
  },
  "BreedData": {
    "isBreedable": false
  },
  "TraitData": {
    "hasTraits": true
  }
}
