{
  "flower": "draconicevolution:wyvern_crafting_injector",
  "maxTimeInHive": 4800,
  "traits": [
    "draconic"
  ],
  "hasHoneycomb": true,
  "baseLayerTexture": "dragon/dragon_bee_primary",
  "ColorData": {
    "primaryColor": "#8419FF",
    "secondaryColor": "#6413C6",
    "honeycombColor": "#6A00FF",
    "primaryLayerTexture": "dragon/dragon_bee_primary",
    "secondaryLayerTexture": "dragon/dragon_bee_secondary",
    "emissiveLayerTexture": "dragon/dragon_bee_emissive",
    "isBeeColored": true,
    "isGlowing": true,
    "glowColor": "#E400FF",
    "glowingPulse": 0,
    "modelType": "DRAGON"
  },
  "CombatData": {
    "isPassive": false,
    "removeStingerOnAttack": false,
    "inflictsPoison": true,
    "attackDamage": 1
  },
  "MutationData": {
    "hasMutation": true,
    "mutationCount": 1,
    "mutations": [
      {
        "type": "BLOCK_TO_ITEM",
        "inputID": "draconicevolution:awakened_crafting_injector",
        "outputs": [
          {
            "outputID": "draconicevolution:awakened_draconium_nugget",
            "weight": 80
          },
          {
            "outputID": "resourcefulbees:bee_jar",
            "nbtData": {
              "Entity": "resourcefulbees:awakened_bee",
              "BeeType": "awakened",
              "Color": "#FF4C00"
            },
            "weight": 20
          }
        ]
      }
    ]
  },
  "CentrifugeData": {
    "hasCentrifugeOutput": true,
    "mainInputCount": 1,
    "mainOutput": "draconicevolution:draconium_nugget",
    "mainOutputWeight": 0.02,
    "mainOutputCount": 1,
    "secondaryOutput": "resourcefulbees:wax",
    "secondaryOutputWeight": 0.20,
    "secondaryOutputCount": 1,
    "bottleOutput": "minecraft:honey_bottle",
    "bottleOutputWeight": 0.25,
    "bottleOutputCount": 1,
    "recipeTime": 200
  },
  "SpawnData": {
    "canSpawnInWorld": false
  },
  "BreedData": {
    "isBreedable": false
  },
  "TraitData": {
    "hasTraits": true
  }
}
