{
  "flower": "tag:forge:storage_blocks/unobtainium",
  "maxTimeInHive": 4800,
  "traits": [
    "unobtainium",
    "nether"
  ],
  "hasHoneycomb": true,
  "baseLayerTexture": "modium/unobtainium_bee",
  "ColorData": {
    "honeycombColor": "#A62BE0",
    "isEnchanted": true,
    "modelType": "ORE"
  },
  "MutationData": {
    "hasMutation": true,
    "mutationCount": 1,
    "mutations": [
      {
        "type": "BLOCK_TO_ITEM",
        "inputID": "resourcefulbees:unobtainium_honeycomb_block",
        "outputs": [
          {
            "outputID": "allthemodium:unobtainium_nugget",
            "weight": 80
          },
          {
            "outputID": "resourcefulbees:bee_jar",
            "nbtData": {
              "Entity": "resourcefulbees:unobtainium_bee",
              "BeeType": "unobtainium",
              "Color": "#A62BE0"
            },
            "weight": 20
          }
        ]
      },
      {
        "type": "ENTITY_TO_ENTITY",
        "inputID": "resourcefulbees:lava_bee",
        "outputs": [
          {
            "outputID": "resourcefulbees:lava_bee",
            "weight": 80
          },
          {
            "outputID": "resourcefulbees:soul_lava_bee",
            "weight": 20
          }
        ]
      }
    ]
  },
  "CentrifugeData": {
    "hasCentrifugeOutput": true,
    "mainInputCount": 4,
    "mainOutput": "allthemodium:unobtainium_nugget",
    "mainOutputWeight": 0.02,
    "mainOutputCount": 1,
    "secondaryOutput": "resourcefulbees:wax",
    "secondaryOutputWeight": 0.20,
    "secondaryOutputCount": 1,
    "bottleOutput": "minecraft:honey_bottle",
    "bottleOutputWeight": 0.25,
    "bottleOutputCount": 1,
    "recipeTime": 200
  },
  "SpawnData": {
    "canSpawnInWorld": false
  },
  "BreedData": {
    "isBreedable": false
  },
  "TraitData": {
    "hasTraits": true
  }
}
