{
  "beepediaItemID": "minecraft:honeycomb",
  "particleName": "minecraft:dripping_honey",
  "potionDamageEffects": [
    {
      "effectID": "minecraft:nausea",
      "strength": 5
    },
    {
      "effectID": "minecraft:blindness",
      "strength": 5
    },
    {
      "effectID": "minecraft:weakness",
      "strength": 5
    },
    {
      "effectID": "minecraft:hunger",
      "strength": 5
    },
    {
      "effectID": "minecraft:bad_omen",
      "strength": 1
    }
  ],
  "specialAbilities": [
    "spider"
  ],
  "potionImmunities": [
    "minecraft:poison",
    "minecraft:slowness",
    "minecraft:instant_damage",
    "minecraft:nausea",
    "minecraft:hunger",
    "minecraft:weakness",
    "minecraft:wither",
    "apotheosis:sundering",
    "cyclic:paralyze"
  ]
}
