{
  "flower": "minecraft:hay_block",
  "maxTimeInHive": 1200,
  "hasHoneycomb": true,
  "baseLayerTexture": "/crop/wheat_bee",
  "ColorData": {
    "honeycombColor": "#dcbb65",
    "modelType": "CROP"
  },
  "MutationData": {
    "hasMutation": true,
    "mutationCount": 1,
    "mutations": [
      {
        "type": "BLOCK_TO_ITEM",
        "inputID": "resourcefulbees:cropy_honeycomb_block",
        "outputs": [
          {
            "outputID": "resourcefulbees:cropy_honeycomb",
            "weight": 80
          },
          {
            "outputID": "resourcefulbees:bee_jar",
            "nbtData": {
              "Entity": "resourcefulbees:cropy_bee",
              "BeeType": "cropy",
              "Color": "#dcbb65"
            },
            "weight": 20
          }
        ]
      }
    ]
  },
  "CentrifugeData": {
    "hasCentrifugeOutput": false,
    "mainInputCount": 1,
    "mainOutput": "resourcefulbees:cropy_honeycomb",
    "mainOutputWeight": 0.5,
    "mainOutputCount": 1,
    "secondaryOutput": "resourcefulbees:wax",
    "secondaryOutputWeight": 0.2,
    "secondaryOutputCount": 1,
    "bottleOutput": "minecraft:honey_bottle",
    "bottleOutputWeight": 0.25,
    "bottleOutputCount": 1,
    "recipeTime": 200
  },
  "SpawnData": {
    "canSpawnInWorld": true,
    "biomeWhitelist": "tag:cropy",
    "spawnWeight": 5,
    "minYLevel": 0,
    "maxYLevel": 255,
    "minGroupSize": 1,
    "maxGroupSize": 2,
    "lightLevel": "ANY"
  },
  "BreedData": {
    "isBreedable": true,
    "breedWeight": 10,
    "breedChance": 0.8,
    "feedItem": "minecraft:hay_block",
    "feedAmount": 5,
    "childGrowthDelay": -24000,
    "breedDelay": 6000
  },
  "TraitData": {
    "hasTraits": false
  }
}
