{
  "flower": "minecraft:lava",
  "maxTimeInHive": 1200,
  "traits": [
    "nether"
  ],
  "hasHoneycomb": true,
  "baseLayerTexture": "/custom/bee",
  "ColorData": {
    "primaryColor": "#DB4819",
    "secondaryColor": "#DB4819",
    "honeycombColor": "#DB4819",
    "primaryLayerTexture": "/custom/primary_layer",
    "secondaryLayerTexture": "/custom/secondary_layer",
    "emissiveLayerTexture": "/custom/emissive_layer",
    "isBeeColored": true,
    "isGlowing": true,
    "glowColor": "#DB4819",
    "modelType": "DEFAULT"
  },
  "MutationData": {
    "hasMutation": true,
    "mutationCount": 1,
    "mutations": [
      {
        "type": "BLOCK_TO_ITEM",
        "inputID": "resourcefulbees:lava_honeycomb_block",
        "outputs": [
          {
            "outputID": "resourcefulbees:lava_honeycomb",
            "weight": 80
          },
          {
            "outputID": "resourcefulbees:bee_jar",
            "nbtData": {
              "Entity": "resourcefulbees:lava_bee",
              "BeeType": "lava",
              "Color": "#DB4819"
            },
            "weight": 20
          }
        ]
      }
    ]
  },
  "CentrifugeData": {
    "hasCentrifugeOutput": true,
    "mainInputCount": 1,
    "mainOutput": "minecraft:lava",
    "mainOutputWeight": 1,
    "mainOutputCount": 1000,
    "secondaryOutput": "resourcefulbees:wax",
    "secondaryOutputWeight": 0.2,
    "secondaryOutputCount": 1,
    "bottleOutput": "minecraft:honey_bottle",
    "bottleOutputWeight": 0.25,
    "bottleOutputCount": 1,
    "recipeTime": 200,
    "hasFluidOutput": true
  },
  "SpawnData": {
    "canSpawnInWorld": true,
    "biomeWhitelist": "tag:nether",
    "spawnWeight": 5,
    "minYLevel": 0,
    "maxYLevel": 255,
    "minGroupSize": 1,
    "maxGroupSize": 2,
    "lightLevel": "ANY"
  },
  "BreedData": {
    "isBreedable": true,
    "breedWeight": 10,
    "breedChance": 0.8,
    "feedItem": "minecraft:lava_bucket",
    "feedAmount": 1,
    "childGrowthDelay": -24000,
    "breedDelay": 6000
  },
  "TraitData": {
    "hasTraits": true
  }
}
