{
  "flower": "botania:terrasteel_block",
  "maxTimeInHive": 1200,
  "hasHoneycomb": true,
  "baseLayerTexture": "/custom/bee",
  "ColorData": {
    "primaryColor": "#00C9EA",
    "secondaryColor": "#00C9EA",
    "honeycombColor": "#00C9EA",
    "primaryLayerTexture": "/custom/primary_layer",
    "secondaryLayerTexture": "/custom/secondary_layer",
    "isBeeColored": true,
    "modelType": "DEFAULT"
  },
  "MutationData": {
    "hasMutation": true,
    "mutationCount": 1,
    "mutations": [
      {
        "type": "BLOCK_TO_ITEM",
        "inputID": "resourcefulbees:mana_honeycomb_block",
        "outputs": [
          {
            "outputID": "botania:black_lotus",
            "weight": 80
          },
          {
            "outputID": "resourcefulbees:bee_jar",
            "nbtData": {
              "Entity": "resourcefulbees:mana_bee",
              "BeeType": "mana",
              "Color": "#00C9EA"
            },
            "weight": 20
          }
        ]
      }
    ]
  },
  "CentrifugeData": {
    "hasCentrifugeOutput": true,
    "mainInputCount": 9,
    "mainOutput": "botania:black_lotus",
    "mainOutputWeight": 0.33,
    "mainOutputCount": 1,
    "secondaryOutput": "botania:blacker_lotus",
    "secondaryOutputWeight": 0.01,
    "secondaryOutputCount": 1,
    "bottleOutput": "minecraft:honey_bottle",
    "bottleOutputWeight": 0.25,
    "bottleOutputCount": 1,
    "recipeTime": 200
  },
  "SpawnData": {
    "canSpawnInWorld": true,
    "biomeWhitelist": "tag:magical",
    "biomeBlacklist": "tag:ocean",
    "spawnWeight": 5,
    "minYLevel": 0,
    "maxYLevel": 255,
    "minGroupSize": 1,
    "maxGroupSize": 2,
    "lightLevel": "ANY"
  },
  "BreedData": {
    "isBreedable": false
  },
  "TraitData": {
    "hasTraits": false
  }
}
