{
  "flower": "botania:livingrock",
  "maxTimeInHive": 1200,
  "hasHoneycomb": true,
  "baseLayerTexture": "misc/mystical_bee",
  "ColorData": {
    "primaryColor": "#5cea30",
    "secondaryColor": "#79ef50",
    "honeycombColor": "#5cea30",
    "primaryLayerTexture": "misc/mystical_rainbow_bee",
    "emissiveLayerTexture": "misc/mystical_rainbow_bee",
    "isBeeColored": true,
    "isRainbowBee": true,
    "modelType": "MUSHROOM"
  },
  "MutationData": {
    "hasMutation": true,
    "mutationCount": 1,
    "mutations": [
      {
        "type": "BLOCK_TO_ITEM",
        "inputID": "resourcefulbees:mystical_honeycomb_block",
        "outputs": [
          {
            "outputID": "resourcefulbees:mystical_honeycomb",
            "weight": 80
          },
          {
            "outputID": "resourcefulbees:bee_jar",
            "nbtData": {
              "Entity": "resourcefulbees:mystical_bee",
              "BeeType": "mystical",
              "Color": "#5cea30"
            },
            "weight": 20
          }
        ]
      }
    ]
  },
  "CentrifugeData": {
    "hasCentrifugeOutput": false
  },
  "SpawnData": {
    "canSpawnInWorld": true,
    "biomeWhitelist": "tag:mystical",
    "spawnWeight": 5,
    "minYLevel": 0,
    "maxYLevel": 255,
    "minGroupSize": 1,
    "maxGroupSize": 2,
    "lightLevel": "ANY"
  },
  "BreedData": {
    "isBreedable": true,
    "breedWeight": 10,
    "breedChance": 0.8,
    "feedItem": "tag:botania:mystical_flowers",
    "feedAmount": 5,
    "childGrowthDelay": -24000,
    "breedDelay": 6000
  },
  "TraitData": {
    "hasTraits": false
  }
}
