{
  "flower": "all",
  "maxTimeInHive": 1200,
  "hasHoneycomb": true,
  "baseLayerTexture": "/ores/custom/custom_bee_primary",
  "ColorData": {
    "primaryColor": "#ffffff",
    "secondaryColor": "#ffffff",
    "honeycombColor": "#ffffff",
    "primaryLayerTexture": "empty_layer",
    "secondaryLayerTexture": "/ores/custom/custom_bee_secondary",
    "emissiveLayerTexture": "/ores/custom/custom_bee_emissive",
    "isRainbowBee": true,
    "isGlowing": true,
    "glowColor": "#ffffff",
    "modelType": "ORE"
  },
  "MutationData": {
    "hasMutation": true,
    "mutationCount": 1,
    "mutations": [
      {
        "type": "BLOCK_TO_ITEM",
        "inputID": "resourcefulbees:rgbee_honeycomb_block",
        "outputs": [
          {
            "outputID": "resourcefulbees:rainbow_honey_bottle",
            "weight": 80
          },
          {
            "outputID": "resourcefulbees:bee_jar",
            "nbtData": {
              "Entity": "resourcefulbees:rgbee_bee",
              "BeeType": "rgbee",
              "Color": "#ffffff"
            },
            "weight": 20
          }
        ]
      }
    ]
  },
  "CentrifugeData": {
    "hasCentrifugeOutput": true,
    "mainInputCount": 1,
    "mainOutput": "resourcefulbees:rainbow_honey",
    "mainOutputWeight": 0.5,
    "mainOutputCount": 250,
    "secondaryOutput": "resourcefulbees:wax",
    "secondaryOutputWeight": 0.2,
    "secondaryOutputCount": 1,
    "bottleOutput": "resourcefulbees:rainbow_honey_bottle",
    "bottleOutputWeight": 0.25,
    "bottleOutputCount": 1,
    "recipeTime": 200,
    "hasFluidOutput": true
  },
  "SpawnData": {
    "canSpawnInWorld": true,
    "biomeWhitelist": "tag:overworld",
    "biomeBlacklist": "tag:ocean",
    "spawnWeight": 5,
    "minYLevel": 0,
    "maxYLevel": 255,
    "minGroupSize": 1,
    "maxGroupSize": 2,
    "lightLevel": "ANY"
  },
  "BreedData": {
    "isBreedable": true,
    "breedWeight": 10,
    "breedChance": 0.8,
    "feedItem": "tag:forge:dyes",
    "feedAmount": 5,
    "childGrowthDelay": -24000,
    "breedDelay": 6000
  },
  "TraitData": {
    "hasTraits": false
  }
}
