{
  "flower": "tag:forge:stone",
  "maxTimeInHive": 1200,
  "hasHoneycomb": true,
  "creator": "Lexxie",
  "lore": "In loving memory of Stan Lee",
  "loreColor": "#FFFFFF",
  "baseLayerTexture": "misc/stan_bee",
  "ColorData": {
    "primaryColor": "#5A5A5A",
    "secondaryColor": "#5A5A5A",
    "honeycombColor": "#5A5A5A",
    "primaryLayerTexture": "/custom/primary_layer",
    "secondaryLayerTexture": "/custom/secondary_layer",
    "modelType": "DEFAULT"
  },
  "MutationData": {
    "hasMutation": true,
    "mutationCount": 1,
    "mutations": [
      {
        "type": "BLOCK_TO_ITEM",
        "inputID": "resourcefulbees:stan_honeycomb_block",
        "outputs": [
          {
            "outputID": "resourcefulbees:stan_honeycomb",
            "weight": 80
          },
          {
            "outputID": "resourcefulbees:bee_jar",
            "nbtData": {
              "Entity": "resourcefulbees:stan_bee",
              "BeeType": "stan",
              "Color": "#5A5A5A"
            },
            "weight": 20
          }
        ]
      }
    ]
  },
  "CentrifugeData": {
    "hasCentrifugeOutput": false,
    "mainInputCount": 1,
    "mainOutput": "astralsorcery:marble_raw",
    "mainOutputWeight": 0.50,
    "mainOutputCount": 1,
    "secondaryOutput": "astralsorcery:black_marble_raw",
    "secondaryOutputWeight": 0.01,
    "secondaryOutputCount": 2,
    "bottleOutput": "minecraft:honey_bottle",
    "bottleOutputWeight": 0.25,
    "bottleOutputCount": 1,
    "recipeTime": 200
  },
  "SpawnData": {
    "canSpawnInWorld": true,
    "biomeWhitelist": "TAG:Mountain, HILLS",
    "biomeBlacklist": "minecraft:desert_hills",
    "spawnWeight": 5,
    "minYLevel": 0,
    "maxYLevel": 255,
    "minGroupSize": 1,
    "maxGroupSize": 2,
    "lightLevel": "ANY"
  },
  "BreedData": {
    "isBreedable": true,
    "breedWeight": 10,
    "breedChance": 0.8,
    "feedItem": "tag:forge:stone",
    "feedAmount": 5,
    "childGrowthDelay": -24000,
    "breedDelay": 6000
  },
  "TraitData": {
    "hasTraits": false
  }
}
