{
  "flower": "minecraft:water",
  "maxTimeInHive": 1200,
  "traits": [
    "can_swim"
  ],
  "hasHoneycomb": true,
  "baseLayerTexture": "misc/water_bee",
  "ColorData": {
    "honeycombColor": "#8499D6",
    "modelType": "MUSHROOM"
  },
  "MutationData": {
    "hasMutation": true,
    "mutationCount": 1,
    "mutations": [
      {
        "type": "BLOCK_TO_ITEM",
        "inputID": "resourcefulbees:water_honeycomb_block",
        "outputs": [
          {
            "outputID": "resourcefulbees:water_honeycomb",
            "weight": 80
          },
          {
            "outputID": "resourcefulbees:bee_jar",
            "nbtData": {
              "Entity": "resourcefulbees:water_bee",
              "BeeType": "water",
              "Color": "#8499D6"
            },
            "weight": 20
          }
        ]
      }
    ]
  },
  "CentrifugeData": {
    "hasCentrifugeOutput": true,
    "mainInputCount": 1,
    "mainOutput": "minecraft:water",
    "mainOutputWeight": 1,
    "mainOutputCount": 1000,
    "secondaryOutput": "resourcefulbees:wax",
    "secondaryOutputWeight": 0.2,
    "secondaryOutputCount": 1,
    "bottleOutput": "minecraft:honey_bottle",
    "bottleOutputWeight": 0.25,
    "bottleOutputCount": 1,
    "recipeTime": 200,
    "hasFluidOutput": true
  },
  "SpawnData": {
    "canSpawnInWorld": true,
    "biomeWhitelist": "tag:ocean,tag:river",
    "spawnWeight": 5,
    "minYLevel": 0,
    "maxYLevel": 255,
    "minGroupSize": 1,
    "maxGroupSize": 1,
    "lightLevel": "ANY"
  },
  "BreedData": {
    "isBreedable": true,
    "breedWeight": 10,
    "breedChance": 0.8,
    "feedItem": "minecraft:water_bucket",
    "feedAmount": 1,
    "childGrowthDelay": -24000,
    "breedDelay": 6000
  },
  "TraitData": {
    "hasTraits": true
  }
}
