{
  "miscellaneous": {
    "smoothLayerDecorator": true,
    "strataRegionSize": 600,
    "strataDecorator": false,
    "oreCompatibleStoneOnly": true,
    "erosionDecorator": true,
    "plainStoneErosion": true,
    "naturalSnowDecorator": true,
    "customBiomeFeatures": true,
    "vanillaLakes": false,
    "vanillaSprings": true,
    "vanillaLavaLakes": true,
    "vanillaLavaSprings": true,
    "mountainBiomeUsage": 0.4,
    "volcanoBiomeUsage": 0.4
  },
  "dimensions": {
    "bedrockLayer": {
      "material": "minecraft:bedrock",
      "minDepth": 1,
      "variance": 0
    },
    "dimensions": {
      "nether": "byg:world",
      "end": "byg:world",
      "includeExtraDimensions": true
    }
  },
  "structures": {
    "stronghold": {
      "distance": 32,
      "spread": 3,
      "count": 128,
      "salt": 0,
      "constrainToBiomes": false,
      "disabled": false
    },
    "structures": {
      "appliedenergistics2:meteorite": {
        "spacing": 32,
        "separation": 8,
        "salt": 124895656,
        "disabled": false
      },
      "astralsorcery:ancient_shrine": {
        "spacing": 18,
        "separation": 4,
        "salt": 682195648,
        "disabled": false
      },
      "astralsorcery:desert_shrine": {
        "spacing": 18,
        "separation": 4,
        "salt": 1384822272,
        "disabled": false
      },
      "astralsorcery:small_shrine": {
        "spacing": 18,
        "separation": 4,
        "salt": 1549795968,
        "disabled": false
      },
      "betterdungeons:skeleton_dungeon": {
        "spacing": 46,
        "separation": 23,
        "salt": 732581696,
        "disabled": false
      },
      "betterdungeons:small_dungeon": {
        "spacing": 10,
        "separation": 6,
        "salt": 34239824,
        "disabled": false
      },
      "betterdungeons:spider_dungeon": {
        "spacing": 44,
        "separation": 22,
        "salt": 596523136,
        "disabled": false
      },
      "betterdungeons:zombie_dungeon": {
        "spacing": 48,
        "separation": 24,
        "salt": 280667680,
        "disabled": false
      },
      "bettermineshafts:mineshaft": {
        "spacing": 1,
        "separation": 0,
        "salt": 593751808,
        "disabled": false
      },
      "betterstrongholds:stronghold": {
        "spacing": 85,
        "separation": 50,
        "salt": 596441280,
        "disabled": false
      },
      "dungeoncrawl:dungeon": {
        "spacing": 24,
        "separation": 12,
        "salt": 10387313,
        "disabled": false
      },
      "eidolon:catacomb": {
        "spacing": 11,
        "separation": 7,
        "salt": 1347,
        "disabled": false
      },
      "eidolon:lab": {
        "spacing": 7,
        "separation": 5,
        "salt": 1337,
        "disabled": false
      },
      "eidolon:stray_tower": {
        "spacing": 16,
        "separation": 8,
        "salt": 1341,
        "disabled": false
      },
      "elementalcraft:source_altar": {
        "spacing": 64,
        "separation": 8,
        "salt": 4847339,
        "disabled": false
      },
      "forbidden_arcanus:nipa": {
        "spacing": 35,
        "separation": 8,
        "salt": 694349248,
        "disabled": false
      },
      "iceandfire:gorgon_temple": {
        "spacing": 16,
        "separation": 8,
        "salt": 342226464,
        "disabled": false
      },
      "iceandfire:graveyard": {
        "spacing": 48,
        "separation": 24,
        "salt": 342226432,
        "disabled": false
      },
      "iceandfire:mausoleum": {
        "spacing": 30,
        "separation": 15,
        "salt": 342226464,
        "disabled": false
      },
      "minecraft:bastion_remnant": {
        "spacing": 27,
        "separation": 4,
        "salt": 30084232,
        "disabled": false
      },
      "minecraft:buried_treasure": {
        "spacing": 1,
        "separation": 0,
        "salt": 0,
        "disabled": false
      },
      "minecraft:desert_pyramid": {
        "spacing": 32,
        "separation": 8,
        "salt": 14357617,
        "disabled": false
      },
      "minecraft:endcity": {
        "spacing": 20,
        "separation": 11,
        "salt": 10387313,
        "disabled": false
      },
      "minecraft:fortress": {
        "spacing": 27,
        "separation": 4,
        "salt": 30084232,
        "disabled": false
      },
      "minecraft:igloo": {
        "spacing": 32,
        "separation": 8,
        "salt": 14357618,
        "disabled": false
      },
      "minecraft:jungle_pyramid": {
        "spacing": 32,
        "separation": 8,
        "salt": 14357619,
        "disabled": false
      },
      "minecraft:mansion": {
        "spacing": 80,
        "separation": 20,
        "salt": 10387319,
        "disabled": false
      },
      "minecraft:mineshaft": {
        "spacing": 1,
        "separation": 0,
        "salt": 0,
        "disabled": false
      },
      "minecraft:monument": {
        "spacing": 32,
        "separation": 5,
        "salt": 10387313,
        "disabled": false
      },
      "minecraft:nether_fossil": {
        "spacing": 2,
        "separation": 1,
        "salt": 14357921,
        "disabled": false
      },
      "minecraft:ocean_ruin": {
        "spacing": 20,
        "separation": 8,
        "salt": 14357621,
        "disabled": false
      },
      "minecraft:pillager_outpost": {
        "spacing": 32,
        "separation": 8,
        "salt": 165745296,
        "disabled": false
      },
      "minecraft:ruined_portal": {
        "spacing": 40,
        "separation": 15,
        "salt": 34222644,
        "disabled": false
      },
      "minecraft:shipwreck": {
        "spacing": 24,
        "separation": 4,
        "salt": 165745296,
        "disabled": false
      },
      "minecraft:stronghold": {
        "spacing": 1,
        "separation": 0,
        "salt": 0,
        "disabled": false
      },
      "minecraft:swamp_hut": {
        "spacing": 32,
        "separation": 8,
        "salt": 14357620,
        "disabled": false
      },
      "minecraft:village": {
        "spacing": 32,
        "separation": 8,
        "salt": 10387312,
        "disabled": false
      },
      "quark:big_dungeon": {
        "spacing": 20,
        "separation": 11,
        "salt": 79234824,
        "disabled": false
      },
      "repurposed_structures:bastion_underground": {
        "spacing": 500,
        "separation": 250,
        "salt": 1359301632,
        "disabled": false
      },
      "repurposed_structures:city_nether": {
        "spacing": 120,
        "separation": 60,
        "salt": 2082652416,
        "disabled": false
      },
      "repurposed_structures:fortress_jungle": {
        "spacing": 50,
        "separation": 25,
        "salt": 1464189184,
        "disabled": false
      },
      "repurposed_structures:igloo_grassy": {
        "spacing": 20,
        "separation": 10,
        "salt": 1460835584,
        "disabled": false
      },
      "repurposed_structures:igloo_stone": {
        "spacing": 20,
        "separation": 10,
        "salt": 1327428992,
        "disabled": false
      },
      "repurposed_structures:mansion_birch": {
        "spacing": 140,
        "separation": 70,
        "salt": 182367040,
        "disabled": false
      },
      "repurposed_structures:mansion_desert": {
        "spacing": 140,
        "separation": 70,
        "salt": 724317376,
        "disabled": false
      },
      "repurposed_structures:mansion_jungle": {
        "spacing": 140,
        "separation": 70,
        "salt": 1267916672,
        "disabled": false
      },
      "repurposed_structures:mansion_oak": {
        "spacing": 140,
        "separation": 70,
        "salt": 147853728,
        "disabled": false
      },
      "repurposed_structures:mansion_savanna": {
        "spacing": 140,
        "separation": 70,
        "salt": 2024558976,
        "disabled": false
      },
      "repurposed_structures:mansion_snowy": {
        "spacing": 140,
        "separation": 70,
        "salt": 1115107840,
        "disabled": false
      },
      "repurposed_structures:mansion_taiga": {
        "spacing": 140,
        "separation": 70,
        "salt": 418506496,
        "disabled": false
      },
      "repurposed_structures:mineshaft_birch": {
        "spacing": 1,
        "separation": 0,
        "salt": 399117344,
        "disabled": false
      },
      "repurposed_structures:mineshaft_crimson": {
        "spacing": 1,
        "separation": 0,
        "salt": 1153019648,
        "disabled": false
      },
      "repurposed_structures:mineshaft_dark_forest": {
        "spacing": 1,
        "separation": 0,
        "salt": 2011511168,
        "disabled": false
      },
      "repurposed_structures:mineshaft_desert": {
        "spacing": 1,
        "separation": 0,
        "salt": 1990612736,
        "disabled": false
      },
      "repurposed_structures:mineshaft_end": {
        "spacing": 1,
        "separation": 0,
        "salt": 2057488640,
        "disabled": false
      },
      "repurposed_structures:mineshaft_icy": {
        "spacing": 1,
        "separation": 0,
        "salt": 1451015296,
        "disabled": false
      },
      "repurposed_structures:mineshaft_jungle": {
        "spacing": 1,
        "separation": 0,
        "salt": 1434412928,
        "disabled": false
      },
      "repurposed_structures:mineshaft_nether": {
        "spacing": 1,
        "separation": 0,
        "salt": 1220811648,
        "disabled": false
      },
      "repurposed_structures:mineshaft_ocean": {
        "spacing": 1,
        "separation": 0,
        "salt": 1774808704,
        "disabled": false
      },
      "repurposed_structures:mineshaft_savanna": {
        "spacing": 1,
        "separation": 0,
        "salt": 1960212224,
        "disabled": false
      },
      "repurposed_structures:mineshaft_stone": {
        "spacing": 1,
        "separation": 0,
        "salt": 1436736640,
        "disabled": false
      },
      "repurposed_structures:mineshaft_swamp": {
        "spacing": 1,
        "separation": 0,
        "salt": 2037177728,
        "disabled": false
      },
      "repurposed_structures:mineshaft_taiga": {
        "spacing": 1,
        "separation": 0,
        "salt": 1383003136,
        "disabled": false
      },
      "repurposed_structures:mineshaft_warped": {
        "spacing": 1,
        "separation": 0,
        "salt": 1095888640,
        "disabled": false
      },
      "repurposed_structures:outpost_badlands": {
        "spacing": 45,
        "separation": 22,
        "salt": 1702026880,
        "disabled": false
      },
      "repurposed_structures:outpost_birch": {
        "spacing": 45,
        "separation": 22,
        "salt": 1676743168,
        "disabled": false
      },
      "repurposed_structures:outpost_crimson": {
        "spacing": 34,
        "separation": 17,
        "salt": 1951425664,
        "disabled": false
      },
      "repurposed_structures:outpost_desert": {
        "spacing": 45,
        "separation": 22,
        "salt": 593099392,
        "disabled": false
      },
      "repurposed_structures:outpost_end": {
        "spacing": 61,
        "separation": 30,
        "salt": 831830656,
        "disabled": false
      },
      "repurposed_structures:outpost_giant_tree_taiga": {
        "spacing": 45,
        "separation": 22,
        "salt": 993252544,
        "disabled": false
      },
      "repurposed_structures:outpost_icy": {
        "spacing": 41,
        "separation": 20,
        "salt": 935294656,
        "disabled": false
      },
      "repurposed_structures:outpost_jungle": {
        "spacing": 45,
        "separation": 22,
        "salt": 548433024,
        "disabled": false
      },
      "repurposed_structures:outpost_nether_brick": {
        "spacing": 34,
        "separation": 17,
        "salt": 1305971456,
        "disabled": false
      },
      "repurposed_structures:outpost_oak": {
        "spacing": 45,
        "separation": 22,
        "salt": 698118400,
        "disabled": false
      },
      "repurposed_structures:outpost_snowy": {
        "spacing": 45,
        "separation": 22,
        "salt": 849388480,
        "disabled": false
      },
      "repurposed_structures:outpost_taiga": {
        "spacing": 45,
        "separation": 22,
        "salt": 272805088,
        "disabled": false
      },
      "repurposed_structures:outpost_warped": {
        "spacing": 34,
        "separation": 17,
        "salt": 1928816896,
        "disabled": false
      },
      "repurposed_structures:pyramid_badlands": {
        "spacing": 40,
        "separation": 20,
        "salt": 1718729472,
        "disabled": false
      },
      "repurposed_structures:pyramid_end": {
        "spacing": 68,
        "separation": 34,
        "salt": 1145023360,
        "disabled": false
      },
      "repurposed_structures:pyramid_flower_forest": {
        "spacing": 36,
        "separation": 18,
        "salt": 1984904320,
        "disabled": false
      },
      "repurposed_structures:pyramid_giant_tree_taiga": {
        "spacing": 40,
        "separation": 20,
        "salt": 1977974912,
        "disabled": false
      },
      "repurposed_structures:pyramid_icy": {
        "spacing": 37,
        "separation": 18,
        "salt": 884076928,
        "disabled": false
      },
      "repurposed_structures:pyramid_jungle": {
        "spacing": 44,
        "separation": 22,
        "salt": 1483015936,
        "disabled": false
      },
      "repurposed_structures:pyramid_mushroom": {
        "spacing": 24,
        "separation": 12,
        "salt": 1035759360,
        "disabled": false
      },
      "repurposed_structures:pyramid_nether": {
        "spacing": 37,
        "separation": 18,
        "salt": 2054372992,
        "disabled": false
      },
      "repurposed_structures:pyramid_ocean": {
        "spacing": 40,
        "separation": 20,
        "salt": 777281408,
        "disabled": false
      },
      "repurposed_structures:pyramid_snowy": {
        "spacing": 40,
        "separation": 20,
        "salt": 1630533504,
        "disabled": false
      },
      "repurposed_structures:ruined_portal_end": {
        "spacing": 57,
        "separation": 28,
        "salt": 532404096,
        "disabled": false
      },
      "repurposed_structures:ruins_land_hot": {
        "spacing": 39,
        "separation": 9,
        "salt": 1243670016,
        "disabled": false
      },
      "repurposed_structures:ruins_land_warm": {
        "spacing": 36,
        "separation": 9,
        "salt": 18646108,
        "disabled": false
      },
      "repurposed_structures:ruins_nether": {
        "spacing": 35,
        "separation": 17,
        "salt": 1336047616,
        "disabled": false
      },
      "repurposed_structures:shipwreck_crimson": {
        "spacing": 41,
        "separation": 20,
        "salt": 1019716864,
        "disabled": false
      },
      "repurposed_structures:shipwreck_end": {
        "spacing": 24,
        "separation": 12,
        "salt": 1605500032,
        "disabled": false
      },
      "repurposed_structures:shipwreck_nether_bricks": {
        "spacing": 51,
        "separation": 25,
        "salt": 2073308032,
        "disabled": false
      },
      "repurposed_structures:shipwreck_warped": {
        "spacing": 41,
        "separation": 20,
        "salt": 2072979584,
        "disabled": false
      },
      "repurposed_structures:stronghold_end": {
        "spacing": 130,
        "separation": 65,
        "salt": 1922886400,
        "disabled": false
      },
      "repurposed_structures:stronghold_nether": {
        "spacing": 85,
        "separation": 42,
        "salt": 1731422464,
        "disabled": false
      },
      "repurposed_structures:temple_nether_basalt": {
        "spacing": 27,
        "separation": 13,
        "salt": 1063117760,
        "disabled": false
      },
      "repurposed_structures:temple_nether_crimson": {
        "spacing": 27,
        "separation": 13,
        "salt": 1898896128,
        "disabled": false
      },
      "repurposed_structures:temple_nether_soul": {
        "spacing": 27,
        "separation": 13,
        "salt": 1799485952,
        "disabled": false
      },
      "repurposed_structures:temple_nether_warped": {
        "spacing": 27,
        "separation": 13,
        "salt": 1635542656,
        "disabled": false
      },
      "repurposed_structures:temple_nether_wasteland": {
        "spacing": 27,
        "separation": 13,
        "salt": 1435489920,
        "disabled": false
      },
      "repurposed_structures:village_badlands": {
        "spacing": 34,
        "separation": 17,
        "salt": 1319707520,
        "disabled": false
      },
      "repurposed_structures:village_birch": {
        "spacing": 47,
        "separation": 23,
        "salt": 1102567424,
        "disabled": false
      },
      "repurposed_structures:village_crimson": {
        "spacing": 30,
        "separation": 15,
        "salt": 1854750208,
        "disabled": false
      },
      "repurposed_structures:village_dark_oak": {
        "spacing": 47,
        "separation": 23,
        "salt": 1921339392,
        "disabled": false
      },
      "repurposed_structures:village_giant_taiga": {
        "spacing": 47,
        "separation": 23,
        "salt": 1559528832,
        "disabled": false
      },
      "repurposed_structures:village_jungle": {
        "spacing": 47,
        "separation": 23,
        "salt": 1229975168,
        "disabled": false
      },
      "repurposed_structures:village_mountains": {
        "spacing": 47,
        "separation": 23,
        "salt": 2010876032,
        "disabled": false
      },
      "repurposed_structures:village_oak": {
        "spacing": 47,
        "separation": 23,
        "salt": 2112891008,
        "disabled": false
      },
      "repurposed_structures:village_swamp": {
        "spacing": 47,
        "separation": 23,
        "salt": 1559650944,
        "disabled": false
      },
      "repurposed_structures:village_warped": {
        "spacing": 30,
        "separation": 15,
        "salt": 1298332160,
        "disabled": false
      },
      "repurposed_structures:witch_hut_birch": {
        "spacing": 48,
        "separation": 24,
        "salt": 904634496,
        "disabled": false
      },
      "repurposed_structures:witch_hut_dark_forest": {
        "spacing": 48,
        "separation": 24,
        "salt": 165100144,
        "disabled": false
      },
      "repurposed_structures:witch_hut_giant_tree_taiga": {
        "spacing": 48,
        "separation": 24,
        "salt": 200289408,
        "disabled": false
      },
      "repurposed_structures:witch_hut_oak": {
        "spacing": 48,
        "separation": 24,
        "salt": 741641344,
        "disabled": false
      },
      "repurposed_structures:witch_hut_taiga": {
        "spacing": 48,
        "separation": 24,
        "salt": 1925189632,
        "disabled": false
      },
      "supplementaries:way_sign": {
        "spacing": 19,
        "separation": 10,
        "salt": 431041536,
        "disabled": false
      },
      "tconstruct:clay_island": {
        "spacing": 100,
        "separation": 5,
        "salt": 162976992,
        "disabled": false
      },
      "tconstruct:earth_slime_island": {
        "spacing": 25,
        "separation": 5,
        "salt": 25988584,
        "disabled": false
      },
      "tconstruct:overworld_slime_island": {
        "spacing": 30,
        "separation": 5,
        "salt": 14357800,
        "disabled": false
      }
    }
  },
  "world": {
    "continent": {
      "continentType": "MULTI",
      "continentShape": "EUCLIDEAN",
      "continentScale": 3000,
      "continentJitter": 0.699
    },
    "controlPoints": {
      "deepOcean": 0.1,
      "shallowOcean": 0.25,
      "beach": 0.326,
      "coast": 0.448,
      "inland": 0.5
    },
    "properties": {
      "spawnType": "CONTINENT_CENTER",
      "worldHeight": 256,
      "seaLevel": 63
    }
  },
  "climate": {
    "temperature": {
      "seedOffset": 0,
      "scale": 6,
      "falloff": 2,
      "min": 0.0,
      "max": 0.98,
      "bias": 0.05
    },
    "moisture": {
      "seedOffset": 0,
      "scale": 6,
      "falloff": 1,
      "min": 0.0,
      "max": 1.0,
      "bias": 0.0
    },
    "biomeShape": {
      "biomeSize": 225,
      "macroNoiseSize": 8,
      "biomeWarpScale": 150,
      "biomeWarpStrength": 80
    },
    "biomeEdgeShape": {
      "type": "SIMPLEX",
      "scale": 24,
      "octaves": 2,
      "gain": 0.5,
      "lacunarity": 2.65,
      "strength": 14
    }
  },
  "terrain": {
    "general": {
      "terrainSeedOffset": 0,
      "terrainRegionSize": 1200,
      "globalVerticalScale": 0.98,
      "globalHorizontalScale": 1.0,
      "fancyMountains": true
    },
    "steppe": {
      "weight": 1.0,
      "baseScale": 1.0,
      "verticalScale": 1.0,
      "horizontalScale": 1.0
    },
    "plains": {
      "weight": 2.0,
      "baseScale": 1.0,
      "verticalScale": 1.0,
      "horizontalScale": 1.0
    },
    "hills": {
      "weight": 2.0,
      "baseScale": 1.0,
      "verticalScale": 1.0,
      "horizontalScale": 1.0
    },
    "dales": {
      "weight": 1.5,
      "baseScale": 1.0,
      "verticalScale": 1.0,
      "horizontalScale": 1.0
    },
    "plateau": {
      "weight": 1.5,
      "baseScale": 1.0,
      "verticalScale": 1.0,
      "horizontalScale": 1.0
    },
    "badlands": {
      "weight": 1.0,
      "baseScale": 1.0,
      "verticalScale": 1.0,
      "horizontalScale": 1.0
    },
    "torridonian": {
      "weight": 2.0,
      "baseScale": 1.0,
      "verticalScale": 1.0,
      "horizontalScale": 1.0
    },
    "mountains": {
      "weight": 2.5,
      "baseScale": 1.0,
      "verticalScale": 1.0,
      "horizontalScale": 1.0
    },
    "volcano": {
      "weight": 5.0,
      "baseScale": 1.0,
      "verticalScale": 1.0,
      "horizontalScale": 1.0
    }
  },
  "rivers": {
    "seedOffset": 0,
    "riverCount": 8,
    "mainRivers": {
      "bedDepth": 5,
      "minBankHeight": 2,
      "maxBankHeight": 6,
      "bedWidth": 8,
      "bankWidth": 20,
      "fade": 0.75
    },
    "branchRivers": {
      "bedDepth": 4,
      "minBankHeight": 1,
      "maxBankHeight": 4,
      "bedWidth": 5,
      "bankWidth": 14,
      "fade": 0.975
    },
    "lakes": {
      "chance": 0.3,
      "minStartDistance": 0.0,
      "maxStartDistance": 0.029,
      "depth": 10,
      "sizeMin": 75,
      "sizeMax": 150,
      "minBankHeight": 2,
      "maxBankHeight": 10
    },
    "wetlands": {
      "chance": 0.6,
      "sizeMin": 175,
      "sizeMax": 225
    }
  },
  "filters": {
    "erosion": {
      "dropletsPerChunk": 135,
      "dropletLifetime": 12,
      "dropletVolume": 0.699,
      "dropletVelocity": 0.699,
      "erosionRate": 0.5,
      "depositeRate": 0.5
    },
    "smoothing": {
      "iterations": 1,
      "smoothingRadius": 1.799,
      "smoothingRate": 0.899
    }
  }
}