{
  "flower": "allthecompressed:uranium_block_4x",
  "maxTimeInHive": 2400,
  "traits": [
    "dense"
  ],
  "hasHoneycomb": true,
  "baseLayerTexture": "ato/uranium_bee",
  "ColorData": {
    "honeycombColor": "#fff37f",
    "modelType": "ORE"
  },
  "CombatData": {
    "isInvulnerable": true,
    "isPassive": false,
    "removeStingerOnAttack": false,
    "inflictsPoison": true,
    "attackDamage": 2147483647
  },
  "MutationData": {
    "hasMutation": true,
    "mutationCount": 1,
    "mutations": [
      {
        "type": "BLOCK_TO_ITEM",
        "inputID": "resourcefulbees:dense_uranium_honeycomb_block",
        "outputs": [
          {
            "outputID": "alltheores:uranium_ingot",
            "weight": 80
          },
          {
            "outputID": "resourcefulbees:bee_jar",
            "nbtData": {
              "Entity": "resourcefulbees:dense_uranium_bee",
              "BeeType": "dense_uranium",
              "Color": "#fff37f"
            },
            "weight": 20
          }
        ]
      }
    ]
  },
  "CentrifugeData": {
    "hasCentrifugeOutput": true,
    "mainInputCount": 1,
    "mainOutput": "alltheores:ore_uranium",
    "mainOutputWeight": 0.50,
    "mainOutputCount": 4,
    "secondaryOutput": "alltheores:uranium_ingot",
    "secondaryOutputWeight": 0.01,
    "secondaryOutputCount": 8,
    "bottleOutput": "minecraft:honey_bottle",
    "bottleOutputWeight": 0.25,
    "bottleOutputCount": 1,
    "recipeTime": 200
  },
  "SpawnData": {
    "canSpawnInWorld": false
  },
  "BreedData": {
    "isBreedable": false
  },
  "TraitData": {
    "hasTraits": true
  }
}
