{
  "flower": "tag:forge:storage_blocks/crimson_iron",
  "maxTimeInHive": 1200,
  "hasHoneycomb": true,
  "baseLayerTexture": "misc/crimson_bee",
  "ColorData": {
    "primaryColor": "#D4CABA",
    "secondaryColor": "#D4CABA",
    "honeycombColor": "#D4CABA",
    "modelType": "ORE"
  },
  "MutationData": {
    "hasMutation": true,
    "mutationCount": 1,
    "mutations": [
      {
        "type": "BLOCK_TO_ITEM",
        "inputID": "resourcefulbees:crimson_iron_honeycomb_block",
        "outputs": [
          {
            "outputID": "silentgear:crimson_iron_ingot",
            "weight": 80
          },
          {
            "outputID": "resourcefulbees:bee_jar",
            "nbtData": {
              "Entity": "resourcefulbees:crimson_iron_bee",
              "BeeType": "crimson_iron",
              "Color": "#D4CABA"
            },
            "weight": 20
          }
        ]
      }
    ]
  },
  "CentrifugeData": {
    "hasCentrifugeOutput": true,
    "mainInputCount": 1,
    "mainOutput": "silentgear:crimson_iron_ore",
    "mainOutputWeight": 0.5,
    "mainOutputCount": 1,
    "secondaryOutput": "silentgear:crimson_iron_ingot",
    "secondaryOutputWeight": 0.01,
    "secondaryOutputCount": 2,
    "bottleOutput": "minecraft:honey_bottle",
    "bottleOutputWeight": 0.25,
    "bottleOutputCount": 1,
    "recipeTime": 200
  },
  "SpawnData": {
    "canSpawnInWorld": true,
    "biomeWhitelist": "tag:nether",
    "spawnWeight": 5,
    "minYLevel": 0,
    "maxYLevel": 255,
    "minGroupSize": 1,
    "maxGroupSize": 2,
    "lightLevel": "ANY"
  },
  "BreedData": {
    "isBreedable": true,
    "breedWeight": 10,
    "breedChance": 0.8,
    "feedItem": "tag:forge:storage_blocks/crimson_iron",
    "feedAmount": 5,
    "childGrowthDelay": -24000,
    "breedDelay": 6000
  },
  "TraitData": {
    "hasTraits": false
  }
}
