{
  "flower": "allthemodium:molten_bluelava_block",
  "maxTimeInHive": 4800,
  "traits": [
    "nether",
    "angry",
    "soul_fire"
  ],
  "hasHoneycomb": true,
  "baseLayerTexture": "modium/soul_lava_bee",
  "ColorData": {
    "honeycombColor": "#7cc7d6",
    "modelType": "DEFAULT"
  },
  "CombatData": {
    "isPassive": false,
    "removeStingerOnAttack": false,
    "inflictsPoison": true,
    "attackDamage": 2147483647
  },
  "MutationData": {
    "hasMutation": true,
    "mutationCount": 1,
    "mutations": [
      {
        "type": "BLOCK_TO_ITEM",
        "inputID": "resourcefulbees:soul_lava_honeycomb_block",
        "outputs": [
          {
            "outputID": "resourcefulbees:soul_lava_honeycomb",
            "weight": 80
          },
          {
            "outputID": "resourcefulbees:bee_jar",
            "nbtData": {
              "Entity": "resourcefulbees:soul_lava_bee",
              "BeeType": "soul_lava",
              "Color": "#7cc7d6"
            },
            "weight": 20
          }
        ]
      }
    ]
  },
  "CentrifugeData": {
    "hasCentrifugeOutput": true,
    "mainInputCount": 1,
    "mainOutput": "allthemodium:molten_bluelava",
    "mainOutputWeight": 0.75,
    "mainOutputCount": 20,
    "secondaryOutput": "resourcefulbees:soul_lava_honeycomb",
    "secondaryOutputWeight": 0.01,
    "secondaryOutputCount": 1,
    "bottleOutput": "minecraft:honey_bottle",
    "bottleOutputWeight": 0.25,
    "bottleOutputCount": 1,
    "recipeTime": 200,
    "hasFluidOutput": true
  },
  "SpawnData": {
    "canSpawnInWorld": false
  },
  "BreedData": {
    "isBreedable": false
  },
  "TraitData": {
    "hasTraits": true
  }
}
