{
  "flower": "tag:forge:stone",
  "maxTimeInHive": 1200,
  "hasHoneycomb": true,
  "baseLayerTexture": "misc/stoned_bee",
  "ColorData": {
    "honeycombColor": "#5A5A5A",
    "modelType": "DEFAULT"
  },
  "MutationData": {
    "hasMutation": true,
    "mutationCount": 1,
    "mutations": [
      {
        "type": "BLOCK_TO_ITEM",
        "inputID": "resourcefulbees:stoned_honeycomb_block",
        "outputs": [
          {
            "outputID": "minecraft:stone",
            "weight": 80
          },
          {
            "outputID": "resourcefulbees:bee_jar",
            "nbtData": {
              "Entity": "resourcefulbees:stoned_bee",
              "BeeType": "stoned",
              "Color": "#5A5A5A"
            },
            "weight": 20
          }
        ]
      }
    ]
  },
  "CentrifugeData": {
    "hasCentrifugeOutput": true,
    "mainInputCount": 1,
    "mainOutput": "minecraft:stone",
    "mainOutputWeight": 0.50,
    "mainOutputCount": 16,
    "secondaryOutput": "resourcefulbees:wax",
    "secondaryOutputWeight": 0.20,
    "secondaryOutputCount": 1,
    "bottleOutput": "minecraft:honey_bottle",
    "bottleOutputWeight": 0.25,
    "bottleOutputCount": 1,
    "recipeTime": 200
  },
  "SpawnData": {
    "canSpawnInWorld": false
  },
  "BreedData": {
    "isBreedable": true,
    "parent1": "Lava",
    "parent2": "Cobbee",
    "breedWeight": 10,
    "breedChance": 0.60,
    "feedItem": "immersiveengineering:hemp_fiber",
    "feedAmount": 5,
    "childGrowthDelay": -24000,
    "breedDelay": 6000
  },
  "TraitData": {
    "hasTraits": false
  }
}
