{
  "flower": "botania:blaze_block",
  "maxTimeInHive": 2400,
  "traits": [
    "blaze",
    "nether"
  ],
  "hasHoneycomb": true,
  "baseLayerTexture": "/custom/bee",
  "ColorData": {
    "primaryColor": "#BD5900",
    "secondaryColor": "#BD5900",
    "honeycombColor": "#BD5900",
    "primaryLayerTexture": "/custom/primary_layer",
    "secondaryLayerTexture": "/custom/secondary_layer",
    "isBeeColored": true,
    "modelType": "DEFAULT"
  },
  "MutationData": {
    "hasMutation": true,
    "mutationCount": 1,
    "mutations": [
      {
        "type": "BLOCK_TO_ITEM",
        "inputID": "resourcefulbees:blazing_honeycomb_block",
        "outputs": [
          {
            "outputID": "minecraft:blaze_rod",
            "weight": 80
          },
          {
            "outputID": "resourcefulbees:bee_jar",
            "nbtData": {
              "Entity": "resourcefulbees:blazing_bee",
              "BeeType": "blazing",
              "Color": "#BD5900"
            },
            "weight": 20
          }
        ]
      }
    ]
  },
  "CentrifugeData": {
    "hasCentrifugeOutput": true,
    "mainInputCount": 1,
    "mainOutput": "minecraft:blaze_rod",
    "mainOutputWeight": 0.50,
    "mainOutputCount": 1,
    "secondaryOutput": "minecraft:blaze_powder",
    "secondaryOutputWeight": 0.10,
    "secondaryOutputCount": 2,
    "bottleOutput": "minecraft:honey_bottle",
    "bottleOutputWeight": 0.25,
    "bottleOutputCount": 1,
    "recipeTime": 200
  },
  "SpawnData": {
    "canSpawnInWorld": false
  },
  "BreedData": {
    "isBreedable": true,
    "parent1": "Magma",
    "parent2": "Spooky",
    "breedWeight": 10,
    "breedChance": 0.60,
    "feedItem": "xreliquary:molten_core",
    "feedAmount": 5,
    "childGrowthDelay": -24000,
    "breedDelay": 6000
  },
  "TraitData": {
    "hasTraits": true
  }
}
