{
  "flower": "minecraft:end_stone",
  "maxTimeInHive": 4800,
  "hasHoneycomb": true,
  "baseLayerTexture": "/custom/bee",
  "ColorData": {
    "primaryColor": "#222222",
    "secondaryColor": "#171717",
    "honeycombColor": "#E400FF",
    "primaryLayerTexture": "dragon/dragon_bee_primary",
    "secondaryLayerTexture": "dragon/dragon_bee_secondary",
    "emissiveLayerTexture": "dragon/dragon_bee_emissive",
    "isBeeColored": true,
    "isGlowing": true,
    "glowColor": "#E400FF",
    "modelType": "DRAGON"
  },
  "MutationData": {
    "hasMutation": true,
    "mutationCount": 1,
    "mutations": [
      {
        "type": "BLOCK_TO_ITEM",
        "inputID": "resourcefulbees:dragonic_honeycomb_block",
        "outputs": [
          {
            "outputID": "resourcefulbees:dragonic_honeycomb",
            "weight": 80
          },
          {
            "outputID": "resourcefulbees:bee_jar",
            "nbtData": {
              "Entity": "resourcefulbees:dragonic_bee",
              "BeeType": "dragonic",
              "Color": "#E400FF"
            },
            "weight": 20
          }
        ]
      },
      {
        "type": "BLOCK_TO_ITEM",
        "inputID": "tag:forge:storage_blocks/allthemodium",
        "outputs": [
          {
            "outputID": "allthemodium:allthemodium_nugget",
            "weight": 80
          },
          {
            "outputID": "resourcefulbees:bee_jar",
            "nbtData": {
              "Entity": "resourcefulbees:allthemodium_bee",
              "BeeType": "allthemodium",
              "Color": "#FCC50C"
            },
            "weight": 20
          }
        ]
      },
      {
        "type": "BLOCK_TO_ITEM",
        "inputID": "draconicevolution:wyvern_crafting_injector",
        "outputs": [
          {
            "outputID": "draconicevolution:draconium_nugget",
            "weight": 80
          },
          {
            "outputID": "resourcefulbees:bee_jar",
            "nbtData": {
              "Entity": "resourcefulbees:draconium_bee",
              "BeeType": "draconium",
              "Color": "#8419FF"
            },
            "weight": 20
          }
        ]
      }
    ]
  },
  "CentrifugeData": {
    "hasCentrifugeOutput": true,
    "mainInputCount": 1,
    "mainOutput": "minecraft:dragon_egg",
    "mainOutputWeight": 0.01,
    "mainOutputCount": 1,
    "secondaryOutput": "resourcefulbees:wax",
    "secondaryOutputWeight": 0.2,
    "secondaryOutputCount": 1,
    "bottleOutput": "minecraft:honey_bottle",
    "bottleOutputWeight": 0.25,
    "bottleOutputCount": 1,
    "recipeTime": 200
  },
  "SpawnData": {
    "canSpawnInWorld": false
  },
  "BreedData": {
    "isBreedable": false
  },
  "TraitData": {
    "hasTraits": false
  }
}
