{
  "flower": "tag:misctags:flowers/nether_flowers",
  "maxTimeInHive": 2400,
  "traits": [
    "nether"
  ],
  "hasHoneycomb": true,
  "baseLayerTexture": "misc/ghost_bee",
  "ColorData": {
    "honeycombColor": "#B7C7C7",
    "modelType": "DEFAULT"
  },
  "MutationData": {
    "hasMutation": true,
    "mutationCount": 1,
    "mutations": [
      {
        "type": "BLOCK_TO_ITEM",
        "inputID": "resourcefulbees:ghastly_honeycomb_block",
        "outputs": [
          {
            "outputID": "resourcefulbees:ghastly_honeycomb",
            "weight": 80
          },
          {
            "outputID": "resourcefulbees:bee_jar",
            "nbtData": {
              "Entity": "resourcefulbees:ghastly_bee",
              "BeeType": "ghastly",
              "Color": "#B7C7C7"
            },
            "weight": 20
          }
        ]
      }
    ]
  },
  "CentrifugeData": {
    "hasCentrifugeOutput": true,
    "mainInputCount": 1,
    "mainOutput": "minecraft:ghast_tear",
    "mainOutputWeight": 0.50,
    "mainOutputCount": 1,
    "secondaryOutput": "minecraft:gunpowder",
    "secondaryOutputWeight": 0.10,
    "secondaryOutputCount": 2,
    "bottleOutput": "minecraft:honey_bottle",
    "bottleOutputWeight": 0.25,
    "bottleOutputCount": 1,
    "recipeTime": 200
  },
  "SpawnData": {
    "canSpawnInWorld": false
  },
  "BreedData": {
    "isBreedable": true,
    "parent1": "Beeper",
    "parent2": "Magma",
    "breedWeight": 10,
    "breedChance": 0.60,
    "feedItem": "xreliquary:catalyzing_gland",
    "feedAmount": 5,
    "childGrowthDelay": -24000,
    "breedDelay": 6000
  },
  "TraitData": {
    "hasTraits": true
  }
}
