{
  "name": "unobtainium",
  "disable": false,
  "tier": 8,
  "color": "d152e3",
  "armorPoints": 520,
  "enchantability": 420,
  "craftingMaterial": "tag:forge:ingots/unobtainium",
  "rarity": 0,
  "capacity": 184000000,
  "usage": 5000,
  "speedVertical": 1.5,
  "accelVertical": 0.35,
  "speedSideways": 0.39,
  "speedHoverDescend": 0.90,
  "speedHover": 0.0,
  "sprintSpeedMulti": 3.0,
  "sprintFuelMulti": 5.5,
  "creative": false,
  "sprintSpeedMultiVertical": 1.0,
  "toughness": 0.0,
  "knockbackResistance": 0.0
}