{
  "beeVersion": 0.10,
  "flower": "allthecompressed:atm_star_block",
  "maxTimeInHive": 1200,
  "traits": [
    "starry"
  ],
  "creator": "Lady Lexxie",
  "lore": "Reach for the stars!",
  "loreColor": "rainbow",
  "sizeModifier": 1.25,
  "hasHoneycomb": true,
  "apiaryOutputAmounts": [
    1,
    1,
    1,
    1,
    10
  ],
  "apiaryOutputTypes": [
    "COMB",
    "COMB",
    "COMB",
    "COMB",
    "COMB"
  ],
  "baseLayerTexture": "empty_layer",
  "ColorData": {
    "isBeeColored": true,
    "primaryColor": "#FFFFFF",
    "secondaryColor": "#FFA500",
    "honeycombColor": "#FFA500",
    "primaryLayerTexture": "starry/starry_bee_primary_layer",
    "secondaryLayerTexture": "empty_layer",
    "emissiveLayerTexture": "starry/starry_bee_emissive",
    "isGlowing": true,
    "glowColor": "#FFA500",
    "glowingPulse": 1,
    "modelType": "QUEEN"
  },
  "CombatData": {
    "isInvulnerable": true,
    "removeStingerOnAttack": false,
    "baseHealth": 20,
    "attackDamage": 0
  },
  "MutationData": {
    "hasMutation": true,
    "mutationCount": 1,
    "mutations": [
      {
        "type": "BLOCK_TO_ITEM",
        "inputID": "resourcefulbees:starry_honey_block",
        "outputs": [
          {
            "outputID": "atmadditions:atm_star",
            "weight": 50
          },
          {
            "outputID": "kubejs:patrick_star",
            "weight": 50
          }
        ]
      }
    ]
  },
  "CentrifugeData": {
    "hasCentrifugeOutput": true,
    "mainInputCount": 1,
    "mainOutput": "resourcefulbees:starry_honey",
    "mainOutputWeight": 0.01,
    "mainOutputCount": 50,
    "secondaryOutput": "kubejs:patrick_star",
    "secondaryOutputWeight": 0.99,
    "secondaryOutputCount": 1,
    "bottleOutput": "minecraft:honey_bottle",
    "bottleOutputWeight": 0.1,
    "bottleOutputCount": 1,
    "recipeTime": 200,
    "hasFluidOutput": true
  },
  "SpawnData": {
    "canSpawnInWorld": false
  },
  "BreedData": {
    "isBreedable": false
  },
  "TraitData": {
    "hasTraits": true
  }
}
