{
  "flower": "appliedenergistics2:quartz_block",
  "maxTimeInHive": 2400,
  "hasHoneycomb": true,
  "baseLayerTexture": "misc/certus_bee",
  "ColorData": {
    "honeycombColor": "#d2d6f7",
    "modelType": "ORE"
  },
  "MutationData": {
    "hasMutation": true,
    "mutationCount": 1,
    "mutations": [
      {
        "type": "BLOCK_TO_ITEM",
        "inputID": "resourcefulbees:certus_honeycomb_block",
        "outputs": [
          {
            "outputID": "appliedenergistics2:certus_quartz_crystal",
            "weight": 80
          },
          {
            "outputID": "resourcefulbees:bee_jar",
            "nbtData": {
              "Entity": "resourcefulbees:certus_bee",
              "BeeType": "certus",
              "Color": "#d2d6f7"
            },
            "weight": 20
          }
        ]
      }
    ]
  },
  "CentrifugeData": {
    "hasCentrifugeOutput": true,
    "mainInputCount": 1,
    "mainOutput": "appliedenergistics2:quartz_ore",
    "mainOutputWeight": 0.50,
    "mainOutputCount": 1,
    "secondaryOutput": "appliedenergistics2:certus_quartz_crystal",
    "secondaryOutputWeight": 0.20,
    "secondaryOutputCount": 2,
    "bottleOutput": "minecraft:honey_bottle",
    "bottleOutputWeight": 0.25,
    "bottleOutputCount": 1,
    "recipeTime": 200
  },
  "SpawnData": {
    "canSpawnInWorld": false
  },
  "BreedData": {
    "isBreedable": true,
    "parent1": "Quartz",
    "parent2": "Copper",
    "breedWeight": 10,
    "breedChance": 0.60,
    "feedItem": "appliedenergistics2:quartz_block",
    "feedAmount": 5,
    "childGrowthDelay": -24000,
    "breedDelay": 6000
  },
  "TraitData": {
    "hasTraits": false
  }
}
