{
  "flower": "tag:forge:storage_blocks/lapis",
  "maxTimeInHive": 2400,
  "hasHoneycomb": true,
  "baseLayerTexture": "ores/lapis/lapis_bee",
  "ColorData": {
    "honeycombColor": "#345ec3",
    "modelType": "ORE"
  },
  "MutationData": {
    "hasMutation": true,
    "mutationCount": 1,
    "mutations": [
      {
        "type": "BLOCK_TO_ITEM",
        "inputID": "resourcefulbees:lapis_honeycomb_block",
        "outputs": [
          {
            "outputID": "minecraft:lapis_lazuli",
            "weight": 80
          },
          {
            "outputID": "resourcefulbees:bee_jar",
            "nbtData": {
              "Entity": "resourcefulbees:lapis_bee",
              "BeeType": "lapis",
              "Color": "#345ec3"
            },
            "weight": 20
          }
        ]
      }
    ]
  },
  "CentrifugeData": {
    "hasCentrifugeOutput": true,
    "mainInputCount": 1,
    "mainOutput": "minecraft:lapis_ore",
    "mainOutputWeight": 0.50,
    "mainOutputCount": 1,
    "secondaryOutput": "minecraft:lapis_lazuli",
    "secondaryOutputWeight": 0.01,
    "secondaryOutputCount": 2,
    "bottleOutput": "minecraft:honey_bottle",
    "bottleOutputWeight": 0.25,
    "bottleOutputCount": 1,
    "recipeTime": 200
  },
  "SpawnData": {
    "canSpawnInWorld": false
  },
  "BreedData": {
    "isBreedable": true,
    "parent1": "Stoned",
    "parent2": "RGBee",
    "breedWeight": 10,
    "breedChance": 0.60,
    "feedItem": "tag:forge:storage_blocks/lapis",
    "feedAmount": 5,
    "childGrowthDelay": -24000,
    "breedDelay": 6000
  },
  "TraitData": {
    "hasTraits": false
  }
}
