{
  "flower": "tag:forge:storage_blocks/gunpowder",
  "maxTimeInHive": 1200,
  "traits": [
    "creeper"
  ],
  "hasHoneycomb": true,
  "baseLayerTexture": "/creeper/creeper_bee",
  "ColorData": {
    "primaryColor": "#0C9F0A",
    "secondaryColor": "#0C9F0A",
    "honeycombColor": "#0C9F0A",
    "emissiveLayerTexture": "/creeper/creeper_bee_emissive",
    "isGlowing": true,
    "glowColor": "#E2D3D3",
    "modelType": "DEFAULT"
  },
  "MutationData": {
    "hasMutation": true,
    "mutationCount": 1,
    "mutations": [
      {
        "type": "BLOCK_TO_ITEM",
        "inputID": "resourcefulbees:beeper_honeycomb_block",
        "outputs": [
          {
            "outputID": "minecraft:gunpowder",
            "weight": 80
          },
          {
            "outputID": "resourcefulbees:bee_jar",
            "nbtData": {
              "Entity": "resourcefulbees:beeper_bee",
              "BeeType": "beeper",
              "Color": "#0C9F0A"
            },
            "weight": 20
          }
        ]
      }
    ]
  },
  "CentrifugeData": {
    "hasCentrifugeOutput": true,
    "mainInputCount": 1,
    "mainOutput": "minecraft:gunpowder",
    "mainOutputWeight": 0.5,
    "mainOutputCount": 2,
    "secondaryOutput": "xreliquary:catalyzing_gland",
    "secondaryOutputWeight": 0.1,
    "secondaryOutputCount": 1,
    "bottleOutput": "minecraft:honey_bottle",
    "bottleOutputWeight": 0.25,
    "bottleOutputCount": 1,
    "recipeTime": 200
  },
  "SpawnData": {
    "canSpawnInWorld": true,
    "biomeWhitelist": "tag:overworld",
    "biomeBlacklist": "tag:ocean",
    "spawnWeight": 5,
    "minYLevel": 0,
    "maxYLevel": 255,
    "minGroupSize": 1,
    "maxGroupSize": 2,
    "lightLevel": "ANY"
  },
  "BreedData": {
    "isBreedable": true,
    "breedWeight": 10,
    "breedChance": 0.8,
    "feedItem": "xreliquary:catalyzing_gland",
    "feedAmount": 5,
    "childGrowthDelay": -24000,
    "breedDelay": 6000
  },
  "TraitData": {
    "hasTraits": true
  }
}
