{
  "flower": "cookingforblockheads:fridge",
  "maxTimeInHive": 1200,
  "hasHoneycomb": true,
  "baseLayerTexture": "/custom/bee",
  "ColorData": {
    "primaryColor": "#FF6666",
    "secondaryColor": "#663300",
    "honeycombColor": "#FF6666",
    "primaryLayerTexture": "/custom/primary_layer",
    "secondaryLayerTexture": "/custom/secondary_layer",
    "isBeeColored": true,
    "modelType": "DEFAULT"
  },
  "MutationData": {
    "hasMutation": true,
    "mutationCount": 1,
    "mutations": [
      {
        "type": "BLOCK_TO_ITEM",
        "inputID": "resourcefulbees:kobee_beef_honeycomb_block",
        "outputs": [
          {
            "outputID": "minecraft:beef",
            "weight": 80
          },
          {
            "outputID": "resourcefulbees:bee_jar",
            "nbtData": {
              "Entity": "resourcefulbees:kobee_beef_bee",
              "BeeType": "kobee_beef",
              "Color": "#FF6666"
            },
            "weight": 20
          }
        ]
      }
    ]
  },
  "CentrifugeData": {
    "hasCentrifugeOutput": false,
    "mainInputCount": 1,
    "mainOutput": "minecraft:beef",
    "mainOutputWeight": 0.01,
    "mainOutputCount": 1,
    "secondaryOutput": "resourcefulbees:wax",
    "secondaryOutputWeight": 0.2,
    "secondaryOutputCount": 1,
    "bottleOutput": "minecraft:honey_bottle",
    "bottleOutputWeight": 0.25,
    "bottleOutputCount": 1,
    "recipeTime": 200
  },
  "SpawnData": {
    "canSpawnInWorld": true,
    "biomeWhitelist": "tag:kobeebeef",
    "spawnWeight": 5,
    "minYLevel": 0,
    "maxYLevel": 255,
    "minGroupSize": 1,
    "maxGroupSize": 2,
    "lightLevel": "ANY"
  },
  "BreedData": {
    "isBreedable": true,
    "breedWeight": 10,
    "breedChance": 0.6,
    "feedItem": "minecraft:beef",
    "feedAmount": 5,
    "childGrowthDelay": -24000,
    "breedDelay": 6000
  },
  "TraitData": {
    "hasTraits": false
  }
}
