{
  "flower": "minecraft:magma_block",
  "maxTimeInHive": 1200,
  "traits": [
    "nether"
  ],
  "hasHoneycomb": true,
  "baseLayerTexture": "misc/magma_bee",
  "ColorData": {
    "honeycombColor": "#C73405",
    "emissiveLayerTexture": "slime/magma_bee_emissive",
    "isGlowing": true,
    "glowColor": "#C73405",
    "modelType": "GELATINOUS"
  },
  "MutationData": {
    "hasMutation": true,
    "mutationCount": 1,
    "mutations": [
      {
        "type": "BLOCK_TO_ITEM",
        "inputID": "resourcefulbees:magma_honeycomb_block",
        "outputs": [
          {
            "outputID": "minecraft:magma_cream",
            "weight": 80
          },
          {
            "outputID": "resourcefulbees:bee_jar",
            "nbtData": {
              "Entity": "resourcefulbees:magma_bee",
              "BeeType": "magma",
              "Color": "#C73405"
            },
            "weight": 20
          }
        ]
      }
    ]
  },
  "CentrifugeData": {
    "hasCentrifugeOutput": true,
    "mainInputCount": 1,
    "mainOutput": "minecraft:magma_cream",
    "mainOutputWeight": 0.5,
    "mainOutputCount": 1,
    "secondaryOutput": "minecraft:magma_block",
    "secondaryOutputWeight": 0.01,
    "secondaryOutputCount": 2,
    "bottleOutput": "minecraft:honey_bottle",
    "bottleOutputWeight": 0.25,
    "bottleOutputCount": 1,
    "recipeTime": 200
  },
  "SpawnData": {
    "canSpawnInWorld": true,
    "biomeWhitelist": "tag:nether",
    "spawnWeight": 5,
    "minYLevel": 0,
    "maxYLevel": 255,
    "minGroupSize": 1,
    "maxGroupSize": 2,
    "lightLevel": "ANY"
  },
  "BreedData": {
    "isBreedable": true,
    "breedWeight": 10,
    "breedChance": 0.8,
    "feedItem": "xreliquary:molten_core",
    "feedAmount": 5,
    "childGrowthDelay": -24000,
    "breedDelay": 6000
  },
  "TraitData": {
    "hasTraits": true
  }
}
