{
  "flower": "minecraft:bone_block",
  "maxTimeInHive": 1200,
  "hasHoneycomb": true,
  "baseLayerTexture": "/skeleton/skeleton_bee",
  "ColorData": {
    "honeycombColor": "#F6F2E6",
    "modelType": "DEFAULT"
  },
  "MutationData": {
    "hasMutation": true,
    "mutationCount": 1,
    "mutations": [
      {
        "type": "BLOCK_TO_ITEM",
        "inputID": "resourcefulbees:spooky_honeycomb_block",
        "outputs": [
          {
            "outputID": "minecraft:bone",
            "weight": 80
          },
          {
            "outputID": "resourcefulbees:bee_jar",
            "nbtData": {
              "Entity": "resourcefulbees:spooky_bee",
              "BeeType": "spooky",
              "Color": "#F6F2E6"
            },
            "weight": 20
          }
        ]
      }
    ]
  },
  "CentrifugeData": {
    "hasCentrifugeOutput": true,
    "mainInputCount": 1,
    "mainOutput": "minecraft:bone",
    "mainOutputWeight": 0.5,
    "mainOutputCount": 1,
    "secondaryOutput": "minecraft:bone_meal",
    "secondaryOutputWeight": 0.01,
    "secondaryOutputCount": 2,
    "bottleOutput": "minecraft:honey_bottle",
    "bottleOutputWeight": 0.25,
    "bottleOutputCount": 1,
    "recipeTime": 200
  },
  "SpawnData": {
    "canSpawnInWorld": true,
    "biomeWhitelist": "tag:overworld",
    "biomeBlacklist": "tag:ocean",
    "spawnWeight": 5,
    "minYLevel": 0,
    "maxYLevel": 255,
    "minGroupSize": 1,
    "maxGroupSize": 2,
    "lightLevel": "ANY"
  },
  "BreedData": {
    "isBreedable": true,
    "breedWeight": 10,
    "breedChance": 0.8,
    "feedItem": "xreliquary:rib_bone",
    "feedAmount": 5,
    "childGrowthDelay": -24000,
    "breedDelay": 6000
  },
  "TraitData": {
    "hasTraits": false
  }
}
